{"total_revenue": 13042006.720001025, "revenue_per_region": {"France": 1289825.9249999132, "United Kingdom": 2073785.9509996804, "India": 1889814.4819998536, "Germany": 1239369.0239999963, "Canada": 1218450.618999998, "United States": 2773026.3529997733, "Italy": 671419.2330000121, "Russia": 674046.4660000133, "Japan": 686130.2470000205, "China": 526138.4200000227}, "file_name": "2019_1"}