{"total_revenue": 105110056.61719006, "revenue_per_region": {"France": 10175202.352999697, "United States": 20614642.771008212, "United Kingdom": 21906637.145009123, "Japan": 4722619.6599995755, "Russia": 5438705.100999323, "Italy": 5480991.778999482, "India": 10780889.022999732, "China": 6015588.675999328, "Germany": 10017467.692999328, "Canada": 9957312.415999653}, "file_name": "2019_1"}