{"total_revenue": 108625612.11318687, "revenue_per_region": {"United Kingdom": 21684023.159008224, "United States": 20408377.66700683, "France": 10550789.68699964, "India": 11796679.923000475, "Canada": 11138857.278000122, "Germany": 10879398.082000425, "Japan": 5892734.10799942, "Russia": 4615430.28799952, "China": 5749179.921999325, "Italy": 5910141.998999249}, "file_name": "2019_2"}