{"total_revenue": 101336351.87517346, "revenue_per_region": {"Germany": 10793518.924999902, "Canada": 10588903.06800006, "France": 10421382.823999688, "India": 8954547.875999235, "Italy": 4722291.503999512, "Japan": 5177007.088999475, "United States": 18966574.187005553, "United Kingdom": 21008843.231007703, "Russia": 5354249.769999325, "China": 5349033.40099955}, "file_name": "2021_2"}