{"total_revenue": 14065312.619001616, "revenue_per_region": {"India": 1734820.1299998956, "Canada": 1660929.3489998437, "United States": 2804245.066999704, "United Kingdom": 2350346.6249997336, "Germany": 1609035.7589998757, "Italy": 920764.8740000158, "France": 1245331.1309999719, "China": 665077.5020000132, "Russia": 562601.7390000205, "Japan": 512160.4430000166}, "file_name": "2019_2"}