{"total_revenue": 14852214.979001818, "revenue_per_region": {"Italy": 575344.2690000127, "United Kingdom": 3010621.891999731, "France": 1305422.9619999214, "United States": 2649730.7109996765, "Germany": 1284403.1789999695, "China": 705960.0490000151, "Japan": 487887.88000002457, "India": 2385775.9079998815, "Canada": 1518682.3219999385, "Russia": 928385.807000011}, "file_name": "2020_2"}