{"total_revenue": 15779883.168001521, "revenue_per_region": {"Germany": 1640080.3759998668, "Russia": 961535.3370000032, "Canada": 1418614.1609999242, "Japan": 692206.1000000181, "India": 1007458.574000008, "United States": 3307294.5539997346, "France": 1795455.9919998492, "China": 575205.0630000187, "United Kingdom": 3562291.978999722, "Italy": 819741.032000009}, "file_name": "2020_1"}