{"total_revenue": 115833508.03019258, "revenue_per_region": {"Germany": 12806356.11100099, "United Kingdom": 22914897.305010702, "Japan": 5532079.209999368, "France": 11234529.408000097, "United States": 23095020.31401038, "India": 11244198.481000353, "Canada": 12757361.964001449, "Italy": 5710749.559999076, "Russia": 5190024.8809993025, "China": 5348290.795999414}, "file_name": "2020_1"}