{"total_revenue": 115967333.27620898, "revenue_per_region": {"Canada": 11755003.127000622, "Germany": 11776442.057000492, "France": 12095065.355000813, "United States": 23155487.46301057, "United Kingdom": 22335929.201009225, "China": 5827000.072999239, "Italy": 6035336.487999286, "India": 11833314.786000447, "Russia": 5483408.643999306, "Japan": 5670346.081999361}, "file_name": "2020_2"}