{"total_revenue": 95738398.44017912, "revenue_per_region": {"United States": 20141618.658006173, "Japan": 4754735.276999573, "United Kingdom": 19901141.930006772, "Germany": 8623921.852998855, "Italy": 4106250.7219994646, "France": 9150507.092999313, "Russia": 4527319.767999514, "Canada": 9809544.8919999, "China": 4994756.587999468, "India": 9728601.658999776}, "file_name": "2021_1"}